{"cameraMode":{"drawMode":0,"name":"Shaded","section":"Shading Mode"},"sceneLighting":true,"audioPlay":false,"sceneViewState":{"showFog":true,"showMaterialUpdate":false,"showSkybox":true,"showFlares":true,"showImageEffects":true,"showParticleSystems":true},"in2DMode":false,"pivot":{"x":-0.0338016003370285,"y":7.411661148071289,"z":1.0496455430984498},"rotation":{"x":-0.08864733576774597,"y":0.0319654680788517,"z":-0.002846362767741084,"w":-0.995547890663147},"size":9.826740264892579,"orthographic":false}